author_id,title,content,publication_date,url,category_id,sourse_id,sourse_type
Redacci√≥n UH,"Michelle Sol ser√≠a alcaldesa de La Libertad Este, seg√∫n encuesta UFG","Seg√∫n el estudio presentando este martes, por la casa encuestadora de la Universidad Francisco Gavidia (UFG), la candidata de Nuevas Ideas, Michelle Sol ganar√≠a la alcald√≠a de La Libertad Este, en las pr√≥ximas elecciones.  El estudio revela que la intenci√≥n de voto se decanta por Sol con el 45 %, mientras que Milagro Navas de ARENA, obtendr√≠a solo 26.8 %, los dem√°s partidos contendientes no tendr√≠an ni la m√°s m√≠nima oportunidad de disputarse la comuna.  Navas ha sido alcaldesa por varios periodos en la alcald√≠a de Antiguo Cuscatl√°n, pero los habitantes han demostrado su descontento con su gesti√≥n municipal, por lo que le dar√≠an la oportunidad a Nuevas Ideas.   #ClasePol√≠tica | La encuesta de UFG revel√≥ que la candidata de @nuevasideas, @misol140, ganar√≠a la alcald√≠a de La Libertad Este. V√≠a: @Frentea_Frente. pic.twitter.com/hDbEMOHdSY‚Äî √öltima Hora (@ultimahsv) 16 de enero de 2024 ",2024-01-16 10:01:00,https://ultimahora.sv/michelle-sol-seria-alcaldesa-de-la-libertad-este-segun-encuesta-ufg1/,Clase pol√≠ticaLo √öltimo,√öltima Hora SV,Web Page
Redacci√≥n UH,Ronal Uma√±a: Joel S√°nchez tiene ventaja con el voto en el exterior,"El lunes, el opositor Ronal Uma√±a expres√≥ que s√≠ habr√≠a segunda vuelta para las elecciones presidenciales y afirm√≥ que el candidato de ARENA, Joel S√°nchez, tiene ¬´cierta ventaja¬ª con respecto al voto en el exterior. ¬´S√≠ ser√≠a una segunda vuelta. No debemos olvidar que Joel S√°nchez es di√°spora (‚Ä¶) eso le ha dado cierta ventaja con el voto en el extranjero¬ª, expres√≥ Uma√±a. Sin embargo, de acuerdo a diferentes estudios electorales y a la m√°s reciente encuesta del Instituto Ciencia y Tecnolog√≠a de la Universidad Francisco Gavidia, la intenci√≥n de voto de los salvadore√±os revela que Joel S√°nchez cuenta con un respaldo de hasta 2.7 % mientras que el Presidente Nayib Bukele posee un 70.9 %.  #ClasePol√≠tica | Ronal Uma√±a afirma que habr√≠a segunda vuelta para las elecciones presidenciales, destacando que el candidato de ARENA, Joel S√°nchez, tiene ""cierta ventaja"" con el voto en el exterior.V√≠a: @NatanVaquiz. pic.twitter.com/I30qNCyOaT‚Äî √öltima Hora (@ultimahsv) 16 de enero de 2024 ",2024-01-16 09:40:00,https://ultimahora.sv/ronal-umana-joel-sanchez-tiene-ventaja-con-el-voto-en-el-exterior/,Clase pol√≠tica,√öltima Hora SV,Web Page
Redacci√≥n UH,UFG: Nayib Bukele ganar√≠a elecci√≥n presidencial en primera vuelta,"Seg√∫n el nuevo estudio de opini√≥n p√∫blica presentado hoy, por la Universidad Francisco Gavidia (UFG), el actual presidente de El Salvador, Nayib Bukele, ganar√≠a la elecci√≥n presidencial de este a√±o, en primera vuelta.  Bukele. de Nuevas Ideas, obtendr√≠a el 70.9 % de los votos, seg√∫n la encuesta, mientras que el candidato del FMLN, Manuel ¬´El Chino¬ª Flores, alcanzar√≠a apenas el 2.9, le sigue Joel S√°nchez, de ARENA, con 2,7 y en √∫ltimo lugar, Luis Parada de Nuestro Tiempo con 1.1 %.  Asimismo, Nayib Bukele es la figura p√∫blica con la imagen m√°s positiva de El Salvador con 81.5 %, mientras que Luis Parada y Joel S√°nchez, son los candidatos m√°s desconocidos seg√∫n el estudio.   #EleccionesElSalvador2024 | @nayibbukele ganar√≠a la elecci√≥n de 2024 en primera vueltaLa intenci√≥n de voto de la poblaci√≥n sobrepasa el 70 %, seg√∫n la encuesta del Instituto Ciencia y Tecnolog√≠a de la Universidad Francisco Gavidia. ‚¨áÔ∏èhttps://t.co/LK3o5XvrpO‚Äî Diario El Salvador (@elsalvador) 16 de enero de 2024 ",2024-01-16 09:03:00,https://ultimahora.sv/ufg-nayib-bukele-ganaria-eleccion-presidencial-en-primera-vuelta/,Clase pol√≠ticaLo √öltimo,√öltima Hora SV,Web Page
Redacci√≥n UH,Salvadore√±os en el exterior se organizan para votaci√≥n masiva,"Los salvadore√±os en el exterior se han organizado a trav√©s de redes sociales para emitir correctamente y f√°cil, el voto en el exterior de forma remota por Internet, esto como un apoyo al Presidente de la Rep√∫blica, Nayib Bukele.  Muestra de ello, es la usuaria de X, Laura PocaSV, quien hizo un video explicando la forma correcta de votar e insisti√≥ que los connacionales que tienen DUI con direcci√≥n en el extranjero ya pueden votar por Internet. Asimismo, record√≥ que los DUI con direcci√≥n de El Salvador y pasaporte podr√°n votar el pr√≥ximo 4 de febrero y para reportar cualquier inconveniente deben llamar al n√∫mero 1-833-486-2290.    #VotoEnElExterior üá∏üáª‚úÖDirecci√≥n En El Extranjero pueden votar Ya! En https://t.co/sfFdEe2Qo7 desde cualquier lugar del üåé‚úÖDirecci√≥n En El Salvador y Pasaporte votan el 4 de Febrero. ‚úÖCanciller√≠a te pueden ayudar a guiarte como votar paso a paso a trav√©s del 1-833-607-1560‚Ä¶ pic.twitter.com/oZqeQEYtJN‚Äî Laura PocaSV (@LauraPocaSV) 16 de enero de 2024 ",2024-01-16 08:32:00,https://ultimahora.sv/salvadorenos-en-el-exterior-se-organizan-para-votacion-masiva/,Clase pol√≠ticaLo √öltimo,√öltima Hora SV,Web Page
Redacci√≥n UH,Ex t√©cnico de la Selecci√≥n afirma que Gobierno debe intervenir en f√∫tbol salvadore√±o,"El ex t√©cnico de la Selecci√≥n de El Salvador, Hugo P√©rez, afirm√≥ que el Gobierno debe intervenir en el f√∫tbol salvadore√±o para que este deporte mejore su imagen, aunque la FIFA tome una sanci√≥n de dos a√±os.  ¬´Nosotros no tenemos gente capacitada, entonces esa liga (mayor) tiene que desaparecer y el gobierno entrar a ayudar para buscar a 10 patrocinadores que pongan cierto dinero, patrocinar la liga, entonces ya pon√©s a gente adecuada, estudiada en finanzas para que busquen un contrato, patrocinios para jugadores y liga¬ª, afirm√≥ P√©rez. El ex t√©cnico critic√≥ a la dirigencia que no dejan sus puestos por orgullo, que pese a que el prestigio de este deporte est√° en las peores de las condiciones, la gente que est√° dentro no tiene iniciativa de impulsarlo internacionalmente.  #Nacionales | El ex t√©cnico de la selecci√≥n de El Salvador, Hugo P√©rez, dijo que aunque la FIFA castigue 2 a√±os al f√∫tbol salvadore√±o, el Gobierno debe intervenir para que este deporte cambie su imagen. pic.twitter.com/ZQOOqFBGS8‚Äî √öltima Hora (@ultimahsv) 16 de enero de 2024 ",2024-01-15 21:37:00,https://ultimahora.sv/ex-tecnico-de-la-seleccion-afirma-que-gobierno-debe-intervenir-en-futbol-salvadoreno/,Lo √öltimoportada,√öltima Hora SV,Web Page
Redacci√≥n UH,"Cifra de homicidios de ni√±os se dispara en Ecuador, seg√∫n UNICEF","Seg√∫n datos del Fondo de las Naciones Unidas para la Infancia (UNICEF), la cifra de homicidios se ha disparado en los √∫ltimos a√±os en Ecuador a causa de la ola de violencia que atraviesa ese pa√≠s, solo en 2023, se reportaron 770 asesinatos de ni√±os y adolescentes.  ¬´En los √∫ltimos meses, las muertes de ni√±os, ni√±as y adolescentes han aumentado dr√°sticamente debido a un incremento dram√°tico del crimen en varias partes de Ecuador¬ª, asegur√≥ el Director Regional de Unicef para Am√©rica Latina y el Caribe, Garry Conille.   Asimismo, la naci√≥n suramericana reporta un incremento de reclutamientos forzados  de adolescentes, por parte de grupos criminales que operan en toda la naci√≥n y que ha elevado la preocupaci√≥n de la comunidad internacional.   #DePlaneta Violencia en Ecuador dispara el n√∫mero de homicidios de ni√±os, seg√∫n UnicefSeg√∫n (Unicef), el ministerio del Interior de Ecuador ha reportado al menos 770 asesinatos de ni√±os y adolescentes durante 2023. Clic ‚¨áÔ∏èhttps://t.co/OVAcFB9J1o‚Äî Diario El Salvador (@elsalvador) 16 de enero de 2024 ",2024-01-15 20:56:00,https://ultimahora.sv/cifra-de-homicidios-de-ninos-se-dispara-en-ecuador-segun-unicef/,InternacionalesLo √öltimo,√öltima Hora SV,Web Page
Redacci√≥n UH,Gobierno vigila precios de la canasta b√°sica,"El Gobierno a trav√©s de diferentes instituciones como la Defensor√≠a del Consumidor vigilia el comportamiento de los precios de los productos de la canasta b√°sica con el objetivo de proteger el bolsillo de la poblaci√≥n, garantizando que no haya alza injustificada en los costos. ¬´De momento, ya hemos realizado dos inspecciones a grandes importadores y comercializadores de productos como este (harina) y de granos b√°sicos como frijol, ma√≠z y arroz, entre otros¬ª, expres√≥ el presidente de la Defensor√≠a, Ricardo Salazar.  Es por eso, que este lunes inspectores de la instituci√≥n se trasladaron a la planta de producci√≥n de harinas de la empresa Molinos de El Salvador (Molsa) para verificar el precio real de los productos que ofrecen las distribuidoras y que no haya escasez de alimentos.   #CombateALaEspeculacion | Gobierno de El Salvador vigila precios de productos esenciales de la canasta b√°sica para proteger la econom√≠a de la poblaci√≥nEl Gobierno de El Salvador no descansa en su labor de vigilar el comportamiento del mercado nacional a fin de que se respeten‚Ä¶ pic.twitter.com/x1fvsIJlZO‚Äî Secretar√≠a de Prensa de la Presidencia (@SecPrensaSV) 15 de enero de 2024 ",2024-01-15 19:07:00,https://ultimahora.sv/gobierno-vigila-precios-de-la-canasta-basica/,Lo √öltimoportada,√öltima Hora SV,Web Page
Redacci√≥n UH,Secretario del FMLN y sus negocios oscuros con torres de telefon√≠a en Santa Tecla,"El secretario general del FMLN, Oscar Ortiz, fue vinculado con una estructura mafiosa en Santa Tecla, a causa de negociociaciones il√≠citas con la colocaci√≥n de torres de telefon√≠a cuando fungi√≥ como alcalde del municipio. El militante del FMLN no cumpli√≥ con los convenios firmados con los representantes COLLOCATION TECHNOLOGIES EL SALVADOR, LTDA DE C.V. sobre la colocaci√≥n de antenas telef√≥nicas. En ese momento, Jorge Leonel Gait√°n Paredes, estaba vinculado con dicha empresa. Por su parte, su hijo, Jorge Alberto Gait√°n Castro, tiene varios casos abiertos, y est√° estrechamente relacionado al caso. Gait√°n inform√≥, en nombre de la alcald√≠a tecle√±a, que todos los convenios quedaban sin efecto. Adem√°s, se revocaron los permisos para la instalaci√≥n de las antenas, pese a que la empresa ya hab√≠a invertido $1.2 millones para la instalaci√≥n de torres de se√±al telef√≥nica. Por ello, Ortiz ha sido denunciado ante la Fiscal√≠a General de la Rep√∫blica (FGR) por actos de corrupci√≥n. De ser declarados culpables, los involucrados recibir√≠an condenas por actos arbitrarios, cohecho activo y negociaciones il√≠citas. ",2024-01-15 12:35:00,https://ultimahora.sv/secretario-del-fmln-y-sus-negocios-oscuros-con-torres-de-telefonia-en-santa-tecla/,Clase pol√≠ticaClase Pol√≠tica,√öltima Hora SV,Web Page
Redacci√≥n UH,Tahnya Pastor: La oposici√≥n es c√≠nica y cobarde,"Esta ma√±ana, durante una entrevista, la abogada Tahnya Pastor arremeti√≥ contra los partidos de oposici√≥n al calificarlos como c√≠nicos y cobardes, al referirse a los obst√°culos e intentos de sabotaje para impedir que el Presidente Nayib Bukele corriera como candidato a la presidencia por primera ocasi√≥n. ¬´Aqu√≠ tenemos una oposici√≥n no solo c√≠nica sino que adem√°s cobarde. Hubo un intento de que el Presidente Bukele no corriera como candidato a presidente¬ª, asever√≥ Pastor. Asimismo, se√±al√≥ que la oposici√≥n carece de proyectos, adem√°s de que no entienden que ya no son mayor√≠a y que los salvadore√±os ya no quieren que vuelvan. ¬´La marca ARENA y FMLN ya no significa nada¬ª, destac√≥.  #ClasePol√≠tica | ""Aqu√≠ tenemos una oposici√≥n no solo c√≠nica sino que adem√°s cobarde"", abogada Tahnya Pastor.V√≠a: Las Cosas Como Son. pic.twitter.com/ZS9FRsZGBj‚Äî √öltima Hora (@ultimahsv) 15 de enero de 2024 ",2024-01-15 07:50:00,https://ultimahora.sv/tahnya-pastor-la-oposicion-es-cinica-y-cobarde/,Clase pol√≠tica,√öltima Hora SV,Web Page
Redacci√≥n UH,El Salvador registra notable reducci√≥n en tasa de homicidios en los primeros 11 d√≠as del 2024,"La lucha contra la criminalidad en El Salvador, registra cifras hist√≥ricas en la reducci√≥n de la tasa de homicidios, reportando un promedio diario mensual de 0.3 en los primeros 11 d√≠as del 2024, lo que significar√≠a un 50 % menos en comparaci√≥n al mismo per√≠odo de a√±o anterior. ¬´La PNC registra 3 homicidios entre el 1 y el 11 de enero, un 50% menos que los 6 contabilizados en id√©ntico per√≠odo del a√±o 2023. Al ritmo actual, El Salvador cerrar√≠a 2024 con 100 homicidios, para una tasa de 1.6 homicidios por cada 100,000 habitantes¬ª, detall√≥ el periodista de la BBC Mundo, Roberto Valencia. De acuerdo con los datos recabados por Valencia, de fuentes de la Polic√≠a Nacional Civil (PNC) y la Mesa T√©cnica, muestran que en los √∫ltimos cinco meses del 2023, el promedio diario en la tasa de homicidios mensual en el pa√≠s oscil√≥ entre los 0.5 y 0.7. Adem√°s, expuso el promedio anual en la tasa de homicidios en los √∫ltimos 4 a√±os post pandemia y el √∫ltimo a√±o pre pandemia, registrando:  2024: 0.3 2023: 0.62022: 1.72021: 3.1*2015: 18.2* ",2024-01-12 21:10:00,https://ultimahora.sv/el-salvador-registra-notable-reduccion-en-tasa-de-homicidios-en-los-primeros-11-dias-del-2024/,portadaPortadaSeguridad ciudadana,√öltima Hora SV,Web Page
Redacci√≥n UH,"Garantizan legalizaci√≥n de terrenos a familias de la comunidad Emmanuel, San Mart√≠n","El Gobierno de la Rep√∫blica, contin√∫a garantizando el derecho a una vivienda digna a cientos de familias salvadore√±as, que por casi 15 a√±os, lucharon para que administraciones anteriores escucharan sus peticiones sobre la legalizaci√≥n de sus terrenos en la comunidad Emmanuel de San Mart√≠n. ‚ÄúNing√∫n gobierno del pasado les dio una respuesta ante sus necesidades. Es triste saber que han pasado 14 a√±os en los cuales tocaron puertas, que alcaldes les prometieron su legalizaci√≥n pero que al final no fueron apoyados por falta de voluntad pol√≠tica‚Äù, expres√≥ la ministra de Vivienda, Michelle Sol, durante el evento de rendici√≥n de avances del proceso de legalizaci√≥n. El proceso de legalizaci√≥n se encuentra en etapa t√©cnica, siendo aprobado el plano de distribuci√≥n con los lotes, proyecto que beneficiar√° a 251 familias a quienes les entregar√°n sus t√≠tulos de propiedad, garantiz√°ndoles la seguridad jur√≠dica que por a√±os esperaron. ‚ÄúNing√∫n gobierno del pasado les dio una respuesta ante sus necesidades.  Es triste saber que han pasado 14 a√±os en los cuales tocaron puertas, que alcaldes les prometieron su legalizaci√≥n pero que al final no fueron apoyados por falta de voluntad pol√≠tica‚Äù, Ministra @misol140. pic.twitter.com/FwRVMisLPf‚Äî Ministerio de Vivienda ‚Äì FONAVIPO (@ViviendaSV) 12 de enero de 2024 ",2024-01-12 18:57:00,https://ultimahora.sv/garantizan-legalizacion-de-terrenos-a-familias-de-la-comunidad-emmanuel-san-martin/,NacionalesportadaPortada,√öltima Hora SV,Web Page
Redacci√≥n UH,Gobierno logra erradicar motines y masacres en c√°rceles de El Salvador,"Desde el inicio de la gesti√≥n presidencial de Nayib Bukele, el Gobierno ha logrado controlar el sistema penitenciario del pa√≠s, erradicando los motines y masacres en c√°rceles, como ocurr√≠a en el pasado.  ¬´Desde el inicio del Plan Control Territorial tomamos el control de las c√°rceles y hasta este d√≠a no hemos tenido ning√∫n amotinamiento, ni ning√∫n conato de violencia por ri√±as dentro de los penales y eso es algo a destacar porque antes era el d√≠a a d√≠a¬ª, afirm√≥ el director de Centros Penales, Osiris Luna.  Sin embargo, en los gobiernos de ARENA y FMLN, las estructuras criminales controlaban las c√°rceles, las convirtieron en santuario de pandillas, y desde su interior ordenaban matanzas de salvadore√±os honrados, y al interior de los recintos, tambi√©n se registraban masacres y amotinamientos.   #DePa√≠s Gesti√≥n Bukele erradic√≥ los amotinamientos y las masacres en las c√°rceles del pa√≠sEstos hechos sangrientos fueron caracter√≠sticos en los gobiernos de @ARENAOFICIAL y #FMLN, gestiones que entregaron las prisiones a las maras. ‚¨áhttps://t.co/3crh9ccgvM‚Äî Diario El Salvador (@elsalvador) 12 de enero de 2024 ",2024-01-12 09:45:00,https://ultimahora.sv/gobierno-logra-erradicar-motines-y-masacres-en-carceles-de-el-salvador/,Lo √öltimoSeguridad ciudadana,√öltima Hora SV,Web Page
Redacci√≥n UH,DOM inicia segundo proyecto de recuperaci√≥n vial en El Paisnal,"La Direcci√≥n de Obras Municipales (DOM) ha iniciado su segundo proyecto de recuperaci√≥n vial en El Paisnal, de San Salvador, a trav√©s del Plan Nacional de Bacheo, que solo en este lugar beneficiar√° a 2,700 habitantes.  ¬´Los trabajos de renovaci√≥n de 1.5 kil√≥metros lineales, de superficie de adoqu√≠n, se realizan sobre la calle El Calvario frente al Centro Escolar 1ro. de Julio de 1823 y la calle Dimas Rodr√≠guez, v√≠as ubicadas en los barrios El Calvario y San Jos√©¬ª, inform√≥ la instituci√≥n.  Estas calles est√°n en mal estado como herencia que dejaron las administraciones anteriores, pero esto, dentro de muy poco cambiar√° con nuevas y modernas calles que brindar√°n a la ciudadan√≠a seguridad vial y desarrollo.  M√°s v√≠as para el desarrollo de El Paisnal gracias al #PlanNacionalDeBacheo.üòÉHoy iniciaremos a transformar las calles de adoqu√≠n #EnLaDirecci√≥nCorrecta.üëá pic.twitter.com/YY6ntJOnjD‚Äî Direcci√≥n de Obras Municipales (@ObraMunicipal) 11 de enero de 2024 ",2024-01-12 08:37:00,https://ultimahora.sv/dom-inicia-segundo-proyecto-de-recuperacion-vial-en-el-paisnal/,Lo √öltimoportada,√öltima Hora SV,Web Page
Redacci√≥n UH,"El Salvador logra reducci√≥n sostenida en la inflaci√≥n, durante 16 meses","Desde agosto de 2022 hasta diciembre de 2023, El Salvador ha logrado mantener una reducci√≥n sostenida de la inflaci√≥n, seg√∫n datos del Banco Central de Reserva (BCR), como resultado de las estrategias ejecutadas por el Gobierno.  ¬´El Salvador cierra el a√±o 2023, con una tasa interanual de 1.23 %, siendo este el d√©cimo sexto mes consecutivo que presenta bajas, como resultado de la eliminaci√≥n de los aranceles en algunos de los productos de la canasta b√°sica, verificaciones constantes en la cadena de comercializaci√≥n de alimentos y la reducci√≥n en los precios de los combustibles¬ª, expres√≥ el presidente de la Defensor√≠a del Consumidor, Ricardo Salazar.  Seg√∫n datos del BCR, El Salvador se encuentra entre los 4 pa√≠ses de Latinoam√©rica, menos afectados por el fen√≥meno inflacionario, producto del conflicto entre Ucrania y Rusia, as√≠ como otro aspectos externos que incide en la econom√≠a mundial.   #DeDinero La inflaci√≥n de El Salvador acumul√≥ una reducci√≥n sostenida durante 16 mesesEntre tanto, Honduras y Guatemala registran indicadores de 5.19 % y 4.18 %, respectivamente, y en el caso de Nicaragua no se encontraron datos hasta la fecha. https://t.co/g1DykxypmK‚Äî Diario El Salvador (@elsalvador) 12 de enero de 2024 ",2024-01-12 08:00:00,https://ultimahora.sv/el-salvador-logra-reduccion-sostenida-en-la-inflacion-durante-16-meses/,Lo √öltimoportada,√öltima Hora SV,Web Page
Redacci√≥n UH,Gobierno inicia amplio operativo de verificaci√≥n de precios en centros de abastos,"El Gobierno a trav√©s de la Defensor√≠a del Consumidor, con el apoyo de personal del Ministerio de Hacienda, la Polic√≠a Nacional Civil (PNC) y el Ministerio de Agricultura, ha iniciado hoy, un amplio operativo de verificaci√≥n de precios y garantizar el abastecimiento de alimentos en todo el pa√≠s.  ¬´Hago un llamado al sector privado a adoptar pr√°cticas comerciales respetuosas de los derechos e intereses de los consumidores, erradicar pr√°cticas ilegales, poco √©ticas, discriminatorias o enga√±osas¬ª, sostuvo esta ma√±ana, el presidente de la Defensor√≠a del Consumidor, Ricardo Salazar.  El objetivo es evitar abusos en contra de las familias salvadore√±as y sancionar a los comerciantes que especulan precios o acaparan alimentos, afectando la econom√≠a de la gente trabajadora y honrada.   El Gobierno del Presidente @nayibbukele, a trav√©s de la Defensor√≠a del Consumidor (DC) en articulaci√≥n con los ministerios de @HaciendaSV, @AgriculturaSV, @EconomiaSV, con apoyo de la @PNCSV, activ√≥ este viernes una serie de operativos de inspecci√≥n a nivel nacional para‚Ä¶ pic.twitter.com/4DMuSQcQ8x‚Äî Defensor√≠a del Consumidor üá∏üáª (@Defensoria_910) 12 de enero de 2024 ",2024-01-12 07:41:00,https://ultimahora.sv/gobierno-inicia-amplio-operativo-de-verificacion-de-precios-en-centros-de-abastos/,Lo √öltimoportada,√öltima Hora SV,Web Page
Redacci√≥n UH,"DOM inicia restauraci√≥n vial en Huiz√∫car, La Libertad","La Direcci√≥n de Obras Municipales (DOM) anunci√≥ el inicio de la rehabilitaci√≥n de calles urbanas en Huiz√∫car, La Libertad, como parte del Plan Nacional de Bacheo. La avenida Santos Guzm√°n y la calle Huiz√∫car, hogar de m√°s de 14,500 habitantes, experimentar√°n una transformaci√≥n con la demolici√≥n de aproximadamente 2,200 metros cuadrados de asfalto, sustituy√©ndolo por una capa de mayor calidad.  Adem√°s, se realizar√°n trabajos de nivelaci√≥n y reparaci√≥n de pozos, cajas de tragantes, cordones, cordones cuneta y badenes. Este proyecto integral incluir√° la reorientaci√≥n y reparaci√≥n de tuber√≠as de agua potable y aguas negras. ",2024-01-11 14:07:00,https://ultimahora.sv/dom-inicia-restauracion-vial-en-huizucar-la-libertad/,Lo √∫ltimoportada,√öltima Hora SV,Web Page
Redacci√≥n UH,M√°s del 90% de los salvadore√±os afirm√≥ sentirse seguros en 2023,"Seg√∫n una encuesta p√∫blica del IUDOP de la UCA, el 91.5% de los salvadore√±os afirmaron sentirse en un ambiente seguro en 2023, a trav√©s de la implementaci√≥n del R√©gimen de Excepci√≥n y el Plan Control Territorial. Cabe destacar que Omar Serrano, vicerrector de Proyecci√≥n Social de la UCA, se√±al√≥ que la poblaci√≥n valora especialmente la pol√≠tica de seguridad y el R√©gimen de Excepci√≥n.  Adem√°s, la directora del IUDOP-UCA, Laura Andrade, detall√≥ que el 80.5% de la poblaci√≥n considera que la situaci√≥n mejor√≥ en comparaci√≥n con el 2022, destacando la pol√≠tica de seguridad como el principal logro del Gobierno. ",2024-01-11 11:54:00,https://ultimahora.sv/mas-del-90-de-los-salvadorenos-afirmo-sentirse-seguros-en-2023/,Lo √∫ltimoportada,√öltima Hora SV,Web Page
Redacci√≥n UH,Diputado de ARENA amenaza con prisi√≥n a funcionarios del Gobierno,"Durante la plenaria del martes, el diputado de ARENA, C√©sar Reyes, hizo declaraciones amenazando con c√°rcel a los diputados de la Asamblea Legislativa y dem√°s funcionarios del Gobierno del Presidente Nayib Bukele, al momento de la discusi√≥n sobre la extensi√≥n del R√©gimen de Excepci√≥n. ¬´Solo les dejo un recordatorio, cuando se acaba el poder se abren las puertas de las c√°rceles¬ª, expres√≥ el diputado Reyes, durante  su intervenci√≥n. De igual forma, a pesar de reconocer la efectividad en las mejoras de seguridad del pa√≠s, repiti√≥ el mismo discurso que ha mantenido la oposici√≥n para tratar de justificar su rechazo a la medida: ¬´hay realidades en nuestro pa√≠s actualmente que no podemos negar, la primera es que s√≠ existe una percepci√≥n de seguridad, pero a qu√© costo es la pregunta siempre¬ª. Desde la implementaci√≥n del R√©gimen de Excepci√≥n el pasado marzo de 2022, se ha logrado la captura de decenas de miles de terroristas, mejorado la percepci√≥n de seguridad y la calidad de vida de los salvadore√±os, adem√°s de posicionar a El Salvador como un referente internacional en combate contra el crimen organizado. ",2024-01-11 10:47:00,https://ultimahora.sv/diputado-de-arena-amenaza-con-prision-a-funcionarios-del-gobierno/,Clase pol√≠tica,√öltima Hora SV,Web Page
Redacci√≥n UH,Alexia Rivas: Si la oposici√≥n quiere combatir la corrupci√≥n que den el ejemplo,"Esta ma√±ana, durante una entrevista, la diputada Alexia Rivas, se√±al√≥ que si los partidos de oposici√≥n desean combatir la corrupci√≥n, deben comenzar por expulsar a aquellos miembros y dirigentes implicados en actos corruptos. ¬´Si los partidos de oposici√≥n quieren combatir la corrupci√≥n, que empiecen dando el ejemplo y expulsen a sus dirigentes y exdiputados¬ª, asever√≥ Rivas. De igual forma, hizo menci√≥n de algunos de los procesos que enfrentar miembros de la oposici√≥n como: Eugenio Chicas acusado de Enriquecimiento Il√≠cito, Schafick Handal vinculado al tema de sobresueldos y ONG fachada, e incluso el caso del expresidente Alfredo Cristiani. ",2024-01-11 10:00:00,https://ultimahora.sv/alexia-rivas-si-la-oposicion-quiere-combatir-la-corrupcion-que-den-el-ejemplo/,Clase pol√≠tica,√öltima Hora SV,Web Page
Redacci√≥n UH,"80% de los salvadore√±os conf√≠a en un futuro prometedor para el pa√≠s, seg√∫n la UCA","La investigaci√≥n del Iudop de la UCA sobre la situaci√≥n de El Salvador al finalizar 2023 indic√≥ que casi 8 de cada 10 (79.9%) ciudadanos tienen esperanza en el futuro del pa√≠s. El 5.2% se mantiene indeciso entre esperanza y temor, y el 15% manifest√≥ sentir temor. Respecto a la percepci√≥n sobre la delincuencia, el 54.8% de los encuestados cree que disminuir√°, mientras que el 28.7% opina que se mantendr√° igual y el 5% anticipa un aumento. En cuanto a la econom√≠a familiar, el 44.2% conf√≠a en que mejorar√°, mientras que el 38.9% no expres√≥ una opini√≥n. Cabe destacar que el a√±o pasado El Salvador cerr√≥ el 2023 como uno de los a√±os m√°s seguros en la historia a trav√©s de la implementaci√≥n de estrategias de seguridad como el R√©gimen de Excepci√≥n y el Plan Control Territorial lo cual ha permitido devolverles la paz a los salvadore√±os. ",2024-01-11 08:57:00,https://ultimahora.sv/80-de-los-salvadorenos-confia-en-un-futuro-prometedor-para-el-pais-segun-la-uca/,Lo √∫ltimoportada,√öltima Hora SV,Web Page
